query_id,word_count,token_count,sentence_count,char_count,char_count_no_spaces,avg_words_per_sentence,avg_syllables_per_word,flesch_kincaid_grade,gunning_fog_index,lexical_density,lexical_diversity,keyword_density,sentiment_polarity,named_entity_count,distinct_entity_types,most_frequent_entity_count
q000001,-0.16827192882144074,-0.16893602331068377,-0.18673055592744378,-0.16679358421116286,-0.16650594019947845,-0.029069153520343522,0.07053343323488138,0.032906732449533044,-0.012547519313125737,-0.0443529269586862,0.18515751246979276,0.10636996711699448,,-0.14480437325730433,-0.1309467228342684,-0.1614401112504445
q000002,-0.06710962850290557,-0.06821783725999009,-0.08514268612585091,-0.06578205081900547,-0.0655624919349654,0.02928198436350812,0.03197544927952441,0.04402237241883926,0.031694147246360785,-0.04667357370324519,0.10483722643244964,0.007840309625172799,,-0.0534109625263611,-0.03858442615064896,-0.08028990438262171
q000003,0.006506083779501714,0.004137332771639894,-0.010835746747824889,0.006234783566177505,0.006341191704489177,0.05014734413030155,-0.02107095835678217,0.025259483495273974,0.018539545055984326,-0.05261954159087815,0.02477887241022383,-0.041536408606664556,,0.0140594664483444,0.028817417878322087,-0.012917699745764106
q000004,-0.230704326088287,-0.2301204007298838,-0.2512757837160764,-0.22948852828210325,-0.22927729655805448,-0.04493785549968724,0.09337630933493891,0.0407822935773549,-0.027622320538981917,-0.009894074967311567,0.23483205054225242,0.18803243351461407,,-0.19323035351234047,-0.18977800219460345,-0.19399754141529202
q000005,-0.03513935551783986,-0.03773709815261263,-0.05246002858890047,-0.03478448405301411,-0.034580609599389925,0.03742131484215995,-0.005516582454068659,0.023815031003176456,0.03956361411795479,-0.06497598763134572,0.06512116759975276,-0.004018360443614058,,-0.03091703225312408,-0.010257945993363708,-0.06408697277560388
q000006,-0.03391887139601507,-0.03553133719470949,-0.05020896809790759,-0.0331923307199695,-0.03294724616365086,0.024474905852776306,0.027663224109905852,0.043196991614998355,0.009256171020413127,-0.023915386961503044,0.06368221553517103,-0.01652254747157708,,-0.019912241394315956,-0.013914396062252705,-0.0361449165387159
q000007,-0.11806349743802949,-0.11836902018980569,-0.13597811449129343,-0.11444288214247948,-0.1139092827320099,0.0010365683767959305,0.12509996416993435,0.10372217173431185,0.03272815956681207,-0.008304904843128107,0.14167344992319286,0.05356436589734283,,-0.09633625798121324,-0.08996360476988442,-0.10759685263908492
q000008,-0.09680891521889613,-0.0981347799356687,-0.11344294017953982,-0.0957239922813818,-0.09544620836922668,0.0004494640665829891,0.04813793405213992,0.04155627978451541,0.0032745212203179816,-0.025226307665055233,0.11997776324467792,0.0491520051930547,,-0.07878382278979108,-0.07087957467918865,-0.0966039037670577
q000009,-0.055463529096327895,-0.056313747994181367,-0.07290002313967477,-0.054573993997859206,-0.05432781880395438,0.018866781531318242,0.0326958828422378,0.044757169907730585,-0.006464816853073572,-0.018150968110305445,0.07797691724273385,0.010270147114352991,,-0.031221415354826774,-0.030448531001142178,-0.0386336725363906
q000010,-0.22942114954417958,-0.2286758281809039,-0.2452493990063532,-0.22794815295337853,-0.22765764711365594,-0.06961294153753422,0.11231239926220336,0.041199350309763905,-0.04318310385620104,0.0053693310311421025,0.2274257592483067,0.18683253203930786,,-0.19120259087726513,-0.1959053565967472,-0.17969633109135025
q000011,-0.1981875283227118,-0.2008990990311381,-0.21726405422432185,-0.19713020777442417,-0.1968218458529447,-0.029707050087357516,0.07565278291817581,0.03973362548855065,0.011049224155525499,-0.042410912811519666,0.2153857394489254,0.13253646684322964,,-0.18635480379187802,-0.17249551889520146,-0.1983157858719582
q000012,-0.0821908988256702,-0.08241168791328862,-0.09988033755253393,-0.08296277577323913,-0.08299014190681711,0.01788083384636706,-0.03611136014098748,-0.016952954722618832,-0.032837747567511885,-0.044161539089171996,0.09696854504063725,0.04897008324941002,,-0.05011658104706677,-0.047656676609504796,-0.06426634922185136
q000013,0.018303835099119353,0.016385426377366636,0.000912673209910279,0.017267305825196543,0.017255769450778172,0.057294767299204206,-0.04869766273063259,0.004462976146663578,-3.1795497650762324e-05,-0.050409342517468335,0.005754034971816327,-0.034045516723979256,,0.032976475559856284,0.04086640601696619,0.013973080026131691
q000014,-0.07801488641753461,-0.07991542998588375,-0.09588913201989227,-0.07841839202521542,-0.07843296453965094,0.014011457148926335,-0.004256441780325723,0.009391841560724916,-0.021029266055911103,-0.04333977086578036,0.10184967634346963,0.029113697484407664,,-0.05664226398597995,-0.04623795956463427,-0.07078531668045454
q000015,-0.19659680404665195,-0.19945876263285453,-0.21573326610794338,-0.1955290774219862,-0.1952042174177963,-0.02715357660478217,0.07532918061215278,0.04050994822380319,0.01661508737269213,-0.04520253276117428,0.21374811612464314,0.1317558937333122,,-0.18593793660962896,-0.17142212570376883,-0.1980677414366412
q000016,0.03003348527386367,0.03487744352805074,0.025957934477258693,0.030020348283519765,0.02972965507956765,0.04759189313586141,-0.09330005775015707,-0.0351847029977456,-0.06292084473739003,-0.01512003885552606,-0.03972611648061585,0.011372156570475052,,0.0667007093503586,0.043397894632175096,0.08126061746743315
q000017,-0.21645908716323267,-0.2157532472548133,-0.23732643948805537,-0.2155485885280314,-0.21537835580409764,-0.0359646561252475,0.07966888017245417,0.03561557140779505,-0.02455904449076873,-0.00872847112039802,0.22079848670622962,0.18237187962351845,,-0.18060035599497623,-0.1806253846400446,-0.1817722186771903
q000018,0.0695480323438577,0.07642792182783498,0.06651363492656484,0.07033857835406779,0.07008215431792517,0.07937815698815784,-0.10589873058270075,-0.02329943413042344,-0.03076329886465491,0.02067493569440636,-0.07952424283253673,-0.012542086680822231,,0.10863268733813843,0.07413342155033509,0.12388710852027751
q000019,0.00583551956288444,0.011047903596866365,0.0012376847607539138,0.0064576482225131735,0.006244850915322322,0.03741863301100086,-0.07021001138462638,-0.023393165894423647,-0.06578809667040444,-0.005615744154278838,-0.020068346611122473,0.03406827727273766,,0.04747647667589263,0.025702191139861944,0.06284684515697678
q000020,0.10195102119535399,0.10609653936258603,0.09923271191203033,0.10004435654042428,0.09958620070639787,0.0710669816314294,-0.1531875796437032,-0.07040762942995403,-0.05829643140866583,-0.034124304587337236,-0.10907955044659609,-0.040083226084211415,,0.12832490642242245,0.10412863307258101,0.13854770527503255
q000021,-0.17380045597197094,-0.17423301814198452,-0.194979679974101,-0.1731838686997059,-0.17309463786939372,-0.011060404454448685,0.060029617276688575,0.041996530392308884,-0.011576574679558346,-0.026570319342980816,0.1862945546096286,0.13002279797521646,,-0.13940091753650508,-0.1303604755798838,-0.14743204950776603
q000022,-0.1593495682038392,-0.15820234003044917,-0.1775410048549601,-0.15966851940761337,-0.1596586977033443,-0.006394361367534772,0.022404201662154795,0.01412663080164511,-0.02677322556369306,-0.01579536191573332,0.15958125222529648,0.13961090024732445,,-0.12043668235358028,-0.12330049211537257,-0.1218584526344378
q000023,-0.05536307494136691,-0.057610479787088734,-0.07398190037533678,-0.05584692632570308,-0.05575896402396046,0.04948064271009726,-0.03191108972985587,0.01131192637172358,0.04003190297126632,-0.06832098326974427,0.0834560567079698,0.026134971583060114,,-0.04582812887934594,-0.03409002926995688,-0.07280094247968756
q000024,-0.06988219026858947,-0.07106948926298061,-0.09025109026884505,-0.07030631521703207,-0.07029580386722944,0.037897524982457555,-0.007924403766917108,0.026587659884753714,0.011762295032465068,-0.0469284897445106,0.09072529506432422,0.04001211967514423,,-0.04701267382082506,-0.036276165944439075,-0.06556059235981818
q000025,-0.07470428768308622,-0.0774001680903229,-0.09266117930148192,-0.07498360396272724,-0.07483251851573758,0.0380804493448177,-0.013219282775776086,0.01651841462556763,0.04790949014589258,-0.0716761517199592,0.10281033738992156,0.034674572445671153,,-0.0710749107780296,-0.05792259003045975,-0.10263922618229422
q000026,-0.06958918920123407,-0.07105121691146944,-0.08909674016076113,-0.06974798972141728,-0.06971712756683764,0.033068892495373016,-0.011807523165732822,0.018279290757925712,-0.0012841266764038299,-0.04477248549110565,0.09226709774652153,0.029037329616210354,,-0.04596796487750154,-0.039210622892145,-0.06104201741342088
q000027,-0.19332050871307518,-0.19664006950809648,-0.21237802833203442,-0.19270453721351344,-0.19240843081342274,-0.025179712752749564,0.07071145285004476,0.03735310030192094,0.023287874208980822,-0.05436504987003902,0.2129799717251679,0.12753824311604334,,-0.18623985132327936,-0.17101702273732258,-0.2022802133615349
q000028,-0.18033151107421824,-0.18332267753064432,-0.1994256802330358,-0.17974392260927835,-0.17948524956570358,-0.01651030976725465,0.05835163127206799,0.035808943916105396,0.023020481652687403,-0.04624803965935951,0.19992343009816058,0.11716352111717884,,-0.17249748199009832,-0.15876737900744972,-0.18870750591309363
q000029,-0.03499793412682872,-0.03710076328542878,-0.051601764936997856,-0.03529039999520594,-0.03525659208176005,0.03252171767130661,-0.00988664369734141,0.020375562416944017,-0.0040766627989625255,-0.03911778316841558,0.06050223001844385,-0.00510379133983557,,-0.0180198045042271,-0.006528703034319641,-0.03472233934020767
q000030,-0.31052623602278145,-0.31172240127654316,-0.3289729711237849,-0.30795143098588856,-0.3074768931746678,-0.10394700819911337,0.1664836689057478,0.059078210672244266,-0.029585755676828963,0.020236484797185077,0.31406750937996536,0.24873259695216698,,-0.28361358550782456,-0.27003814150186933,-0.28355324156095013
